nr_observations,effect_warm,effect_cool
1000,-0.03212376845525343,-0.03849914371074368
1000,0.015663345930076896,0.020873399719277784
1000,0.021127994998218064,0.024043029822702976
1000,0.005404688761572735,0.00782436421954584
1000,0.025263155213034277,0.02806431173591499
1000,0.02676530545629873,0.021061010375215367
1000,-0.014315725874595894,-0.017591671889873175
1000,0.017982385266097203,0.020187463264911963
1000,-5.490577415624616e-5,-2.0303258956289312e-5
1000,-0.015018004898002018,-0.011479572037584759
1000,-0.03087104753878372,-0.03689527518885033
1000,-7.13739908872847e-5,-4.544191663830992e-5
1000,-3.4041949360745326e-5,-7.319238916293172e-5
1000,-0.024984743638183763,-0.024561200859705718
1000,7.96965932512439e-5,4.0299871249185164e-5
1000,-4.4658501875949794e-5,-2.1561582004515944e-5
1000,0.02326210046506538,0.022928164884266994
1000,0.016863730329185964,0.01832213613792248
1000,-0.029257822925862372,-0.025166224249486967
1000,0.029555058786195503,0.023898757817914108
1000,0.030363052259456576,0.02874485001295055
1000,0.016562719615874678,0.015958182230914095
1000,-0.012244214359660041,-0.020486227484620503
1000,-1.0679923941771382e-5,-2.292114323631523e-5
1000,0.01913884157039478,0.025673829569504945
1000,-0.012346435095813742,-0.024755861182161915
1000,0.019266448342271383,0.02009937788789229
1000,0.015867769031674358,0.022665385002430614
1000,0.015943554483999343,0.01634696431130778
1000,-8.896037627193447e-5,-4.286068065707427e-5
1000,0.018442454578401015,0.013478321084875905
1000,0.02359189078026542,0.016758142563297038
1000,0.016964324623112495,0.01143420230383093
1000,-3.614167725989146e-5,-2.1882490115729012e-5
1000,-0.010623317860913466,-0.01673640660076811
1000,-0.006580650764493641,-0.01690885522648237
1000,0.017525466987378568,0.01901981296272681
1000,0.014479951550299509,0.01208188355688883
1000,0.010046397182105793,0.018311460946742165
1000,-0.02404123111834758,-0.022924243639230808
1000,-0.017109457336744637,-0.018460307325200296
1000,-0.018301075374282178,-0.024410491117471966
1000,0.029903691430237894,0.01840741301309523
1000,-0.017912766695416305,-0.020636968731122352
1000,0.01480247808608928,0.01950935666208756
1000,-3.108172064814063e-5,-4.834783184080054e-5
1000,0.01957133019261173,0.02041763014044784
1000,-6.64820166938303e-5,-8.048297142322466e-5
1000,-1.741583636008072e-5,-3.067551089483017e-5
1000,0.021674150692186575,0.012429602933112347
1000,-0.01680819433185906,-0.02622165478568708
1000,0.027698016941233052,0.026361366923440026
1000,0.0477039680321671,0.04161556001617023
1000,-0.03259155534766471,-0.031891142557765276
1000,-0.01491884093383565,-0.02048148263594731
1000,0.023906416908306843,0.019543331886899325
1000,-0.017207852440893363,-0.019139448139280067
1000,-6.299040661426498e-5,-5.3284326998775266e-5
1000,-0.014407819959245739,-0.01718229870513043
1000,-0.011212897244501563,-0.010035460078986569
1000,-5.301261058290212e-5,-5.736721117416185e-5
1000,0.016583375359336953,0.014951036408860368
1000,-0.007884146584597013,-0.007741179618622549
1000,0.00010205994176902007,9.197949717105532e-5
1000,-5.4018714431812426e-5,-6.980020491768764e-5
1000,-0.027426059077498403,-0.03428966557873522
1000,0.007978087931034489,0.01892910594628596
1000,0.012280159904691206,0.022898174101650955
1000,0.02538394243626793,0.02091278834278927
1000,4.956274707153221e-5,6.545893475413955e-5
1000,-1.7287061007204645e-5,-8.339236936238947e-5
1000,0.017247150760052732,0.013919990185362201
1000,0.028957640097646342,0.03698591972888194
1000,-2.5579410880105513e-5,-5.0432738304850844e-5
1000,-1.4683364117579216e-5,-2.59453210299873e-5
1000,0.030075528304323976,0.02735118856554507
1000,9.854794942406046e-5,5.855928496323922e-5
1000,0.015456803634096855,0.012889110074881973
1000,0.003398207952820356,0.013319585280310233
1000,0.020705507010068295,0.018489626032749184
1000,-0.0204902912650859,-0.020774366222397356
1000,-3.2592633502524516e-5,-8.993203217477948e-5
1000,-0.016175145272298026,-0.01891225471355952
1000,4.941171093425146e-5,5.725986353212184e-5
1000,-0.033773417858606575,-0.04014002044881764
1000,-3.8241699891103435e-5,-5.221333331858276e-5
1000,-0.016319475043363833,-0.013456533460320556
1000,-0.013545122969277665,-0.018121883630128025
1000,-8.598597049202306e-5,-5.851274683889224e-5
1000,0.017309080362456333,0.01718752910190692
1000,1.3532702708868449e-5,7.04029916605009e-5
1000,-0.01936194868213806,-0.018699889708673863
1000,1.1960641453903318e-4,6.658771640419585e-5
1000,-0.01489470570065419,-0.01780863218444513
1000,8.118511388194874e-5,7.105319555571844e-6
1000,-0.014204945936954334,-0.012902763295975662
1000,-0.007775896560150832,-0.020524050014678167
1000,-0.022153521329988175,-0.015442569212389595
1000,0.006528289255233697,0.006369878014888693
1000,-0.022511891746322253,-0.019557179418039142
2000,0.018615418643860928,0.012554894017096373
2000,-0.01702030048179764,-0.022636968536220617
2000,0.0053233077726697045,0.01073990280036772
2000,-0.018889478032767037,-0.020557956089663647
2000,0.03008154839500592,0.03334070208599025
2000,0.02164373949436096,0.008197911991607992
2000,0.020120834601891402,0.016558505694134907
2000,0.031459161805160174,0.022901724885036737
2000,0.019017619128208374,0.01352394693231927
2000,-0.00720074918236755,-0.006326651087005528
2000,-0.023621817562974674,-0.029797370260215384
2000,-0.015903462455620954,-0.021740606654212385
2000,0.0084100886495752,0.007992086366390563
2000,-0.018676029237114422,-0.03273074482553997
2000,-0.010848594863765226,-0.013205376559257598
2000,0.02483560209610113,0.025151781534063618
2000,0.019018843783982935,0.02051193012546082
2000,-0.015765366112120996,-0.02071082253666654
2000,-0.017601199540022455,-0.02031217010327875
2000,-0.014311308251549889,-0.02739616065488293
2000,0.01955362900831492,0.009341688890545074
2000,0.02082342784714215,0.015772544294716882
2000,0.02250458116577884,0.012473298968425622
2000,-0.006383359663454573,-0.017190847335923493
2000,0.0229162328140868,0.015115919783974793
2000,-0.014826211186446444,-0.025750419494134827
2000,-0.015501360331216211,-0.021176750630839427
2000,-0.007959929603870208,-0.01740680481326583
2000,-0.01862801965202646,-0.024199113055407603
2000,0.032509482189878904,0.03714151411579893
2000,0.022533397739089585,0.01664345182456031
2000,-0.007701710212795125,-0.018577217668992077
2000,0.01569890653199728,0.01485406084234445
2000,0.019143165401280575,0.015840623849475544
2000,-0.017163658430552547,-0.020828776069435093
2000,0.017692528409281722,0.014598043139439942
2000,-0.014370935862420163,-0.018456754817786494
2000,-0.008608995842162627,-0.020210214630903816
2000,-0.012735240972037187,-0.017288350440665054
2000,-0.0016788815920595315,-0.003988202933378455
2000,0.02948496318871168,0.028290547516498933
2000,-0.005543360191958051,-0.01762981217099146
2000,-0.005520504241907607,-0.011432396747591122
2000,0.0235861254175706,0.021340209173683334
2000,0.008801192346110478,0.008201774595598826
2000,-0.01694932664205914,-0.017452064378803624
2000,-0.01321402478523665,-0.02743381760462387
2000,-0.014265008012466433,-0.02490652047308893
2000,0.024209082420689636,0.024274106782952064
2000,-0.01684453569136561,-0.024067460644821202
2000,-0.025318880180890815,-0.029160469855128605
2000,-0.018614589997687125,-0.023046556593502673
2000,-0.008901874196174893,-0.020264183106486807
2000,0.024788066748651423,0.02248912281898944
2000,-0.021537311884552667,-0.033629907264945975
2000,-0.01321509681545164,-0.02085229731285145
2000,0.02555424580658498,0.01857712797777927
2000,-0.02616947905494333,-0.020403880290586793
2000,0.02513936602255314,0.02381346889191891
2000,0.013977535636221249,0.012761317762957395
2000,0.027514916454862724,0.02750092986609509
2000,-0.006072373570325213,-0.018162811553371003
2000,-0.009634410197728812,-0.016688859733296257
2000,-0.015669244926114677,-0.018118183681033757
2000,-0.013255787889495997,-0.017205351016769902
2000,0.02216204215944583,0.013643364395939855
2000,0.009930040504050748,0.00690000670825026
2000,0.025352085796428097,0.01609173919540397
2000,-0.014467997892628948,-0.021402515889362678
2000,-0.020994794016078133,-0.032138385411507785
2000,-0.01413084319255921,-0.020131607439704467
2000,-0.015677766990716168,-0.020630308809600813
2000,-0.017075735649127143,-0.0220147429765992
2000,-0.013141223005829589,-0.013822016767609023
2000,0.008569265783679246,0.0112237253555108
2000,0.012082076137710757,0.007255055164893334
2000,0.01622392465590834,0.009625027512528854
2000,0.021610915316363888,0.01686100401956007
2000,0.017435578175733882,0.01288239372124165
2000,0.02213173010237933,0.02325532352381426
2000,-0.020495546637754394,-0.03140325089391882
2000,-0.010310009136294093,-0.01693856263826677
2000,-0.01332532209943642,-0.014586006843239102
2000,-0.01508638716424225,-0.01436299078345003
2000,-0.018519786644880177,-0.019530923561316492
2000,-0.021573952203042073,-0.027209288962492053
2000,0.01601091650158151,0.007214505440894934
2000,0.007301625336771292,0.009294104681764379
2000,-0.025930094164635945,-0.02809832875042669
2000,-0.015382936977988981,-0.013395525411529692
2000,0.03494751769846469,0.021184012360250446
2000,-0.014548985617642987,-0.027265676259744763
2000,0.01204137623019296,0.008896894182888365
2000,-0.023742565285180352,-0.025478088709016185
2000,-0.01583906341653496,-0.017861418780229354
2000,-0.021509154171436746,-0.018677680132449404
2000,0.025851606154250396,0.026085154589591483
2000,-0.009144617220381271,-0.012924773754625996
2000,0.019139017326742436,0.02112684288967353
2000,0.02039288438714651,0.014824709949049612
3000,0.019387581999893332,0.00953859098564931
3000,0.015043524809737063,0.010801065050855034
3000,-0.013239926672345768,-0.020017280914504536
3000,-0.01976290781081945,-0.027286820272510236
3000,0.01772252675220116,0.009701161174873333
3000,-0.005354989769397818,-0.019744245302493888
3000,0.02672834132751593,0.027828024817603842
3000,0.03064772205325775,0.02572689853646102
3000,-0.005853512701455918,-0.0054121517605111155
3000,-0.00483230261742456,-0.01851595698254047
3000,-0.01324147972869769,-0.018727679536104637
3000,-0.01612419247976912,-0.018886733775727478
3000,-0.010435870621769107,-0.022601115880400615
3000,-0.016669724309406154,-0.025501284856936205
3000,-0.0034857645736595644,-0.015137040220975072
3000,-0.017093755271841336,-0.021831760930473197
3000,-0.0025548750363509256,-0.011828129838800666
3000,0.01770521818433795,0.016801210281132805
3000,0.015882039090281675,0.006983273657056602
3000,0.017088279328051733,0.009092616413445722
3000,0.011309002824011451,0.005005275720590757
3000,-0.013788000337266824,-0.028399714112633322
3000,-0.010994556139259091,-0.021436117285794917
3000,0.02733636921486466,0.017321832453841408
3000,-0.010568440940066951,-0.02792050202361242
3000,-0.004945206494626245,-0.016752852151284844
3000,0.012190956776265987,0.008599788077940864
3000,0.01680284148032624,0.012021769173473897
3000,0.024095724251260643,0.02598826429766569
3000,0.020146050751680737,0.01631496853211944
3000,-0.010570348477733756,-0.017881139595890883
3000,-0.01697714140407871,-0.03642483819340921
3000,-0.008892038800615594,-0.0058082052679210286
3000,0.020819865726826568,0.013275256214188657
3000,0.015666524772909366,0.00971624021071755
3000,0.02533171991729577,0.019643759466962233
3000,-0.009146327533088779,-0.023107602385037975
3000,0.023313540237014124,0.01709995846679729
3000,-0.008288404361027214,-0.02011019094824606
3000,0.015882308295459346,0.014839793030246986
3000,-0.011786821527088806,-0.019066891836231926
3000,0.01697030244109299,0.01460577549693353
3000,0.02548344403663401,0.015870307040785854
3000,0.019288104484129192,0.019729404548919555
3000,0.01971272806945338,0.013197515628620564
3000,-0.015129676385290043,-0.02628376468429246
3000,0.025037539217874778,0.018687727788624788
3000,-0.014847801451529604,-0.02091494133765688
3000,0.028169943033318014,0.025772959080158746
3000,0.021092822942692827,0.011115396009495744
3000,-0.018515794620077485,-0.018299804606531314
3000,0.017191161127486577,0.011137777032180596
3000,0.032277288285258755,0.022491598959530783
3000,-0.019935447422366755,-0.019008067895435823
3000,-0.010372707773592896,-0.0186658565682625
3000,0.0131848214008784,0.01265679038746139
3000,0.023523474466574865,0.02469205090202672
3000,-0.009906331789146298,-0.021672253704083627
3000,0.021242394896986126,0.014400872068382146
3000,0.018175401095019875,0.012833803966726827
3000,0.020978897982575736,0.016815497629940817
3000,-0.014671964655946761,-0.023327921460235924
3000,-0.018765838687179997,-0.025597885116443068
3000,0.014202681876642503,0.02026045135334765
3000,-0.018200509616660993,-0.026376086989944272
3000,-0.013583994577076094,-0.03006733506497785
3000,-0.013848740947530257,-0.018534464426619768
3000,0.021079215922224007,0.015138825229556107
3000,-0.00907946413036558,-0.016589666203650936
3000,-0.009101494679781908,-0.013644225352819584
3000,-0.016913866203606107,-0.02248309775306333
3000,0.013921733615266357,0.007476173294610994
3000,-0.012136621816878877,-0.006872552087334281
3000,-0.018657805188181463,-0.01814989392771967
3000,-0.008165633850766562,-0.01671830103462244
3000,0.0194105197110223,0.018955314139908808
3000,-0.02235666185488598,-0.016930909326367368
3000,0.01827208459159067,0.014060509039159348
3000,0.012241977657024545,0.009246997514529834
3000,-0.011792267883600875,-0.010083917037520543
3000,-0.01012265886951334,-0.007174799711481319
3000,-0.005623743001425392,-0.007322792295118517
3000,-0.023215299388102077,-0.028744219487538778
3000,0.02328207400618455,0.014375661219483967
3000,-0.014003957416766686,-0.010929974805964568
3000,0.02321550961743652,0.01627407789321109
3000,0.014169026030630184,0.011407415188793004
3000,-0.021747367112081868,-0.012462744025065644
3000,0.006964400811241292,0.004240691116360223
3000,0.02560784034253556,0.018242363040009407
3000,0.009506621245174164,0.0036382406760686174
3000,-0.021897995524561953,-0.019696186236060755
3000,-0.009463148069959721,-0.01587768300263192
3000,0.02865816617260295,0.011411360475947978
3000,0.013065023744796777,0.016095926416600636
3000,-0.01634679713369634,-0.016997464538433486
3000,0.009273875725113194,0.005636675988811868
3000,-0.024898823186021147,-0.02905022046027201
3000,0.01724122505224704,0.010186867627869862
3000,-0.008947622570911232,-0.022976364523415633
4000,-0.018530858463300496,-0.020493297055921234
4000,0.03648936545420705,0.03088286338613401
4000,0.02472949294087987,0.013405706391837156
4000,-0.018732931392155337,-0.023632699119157368
4000,-0.0024143368536224175,-0.011762748419028331
4000,0.02130127552815503,0.01175068988066751
4000,0.020352557733264314,0.019195707858786062
4000,-0.022993206321671022,-0.02373569099067844
4000,0.019957620254659966,0.01202695732723097
4000,0.022543586893751147,0.017440363909512334
4000,-0.008910226979325678,-0.01814798487751569
4000,-0.0038290397966416687,-0.014178216066317553
4000,0.022408264437410834,0.01801492037328561
4000,0.0277805045073519,0.019937651824184034
4000,0.02546933481244716,0.015685899279263088
4000,-0.012794331678304195,-0.015352412634116538
4000,-0.0035857913153971737,-0.018273942812796675
4000,-0.009689497431422217,-0.019014776677593274
4000,-0.013656434430160822,-0.018711313641471616
4000,0.03256332773286431,0.02384544399701367
4000,0.017995266296405778,0.019763386280067047
4000,-0.012768405090580252,-0.014456330265951074
4000,0.00835605121166094,0.006449138658893218
4000,0.03236800076869556,0.019872250551380706
4000,0.019844992751484037,0.010816546727171339
4000,0.02198634774047057,0.01746244713894438
4000,-0.011650798754073705,-0.02140625288388747
4000,0.021388009843326325,0.010556986419622008
4000,0.031051630244238904,0.023162044082401766
4000,0.0211937625209064,0.01908642920475175
4000,-0.01599550880473254,-0.023278316097178946
4000,0.030960720732008493,0.013328870381318376
4000,-0.025110772911680356,-0.034716974651387546
4000,0.016953716831505386,0.016191258845571474
4000,-0.01611459496463257,-0.01373462226317714
4000,0.028244264684084242,0.02254681074671775
4000,-0.004866978801532606,-0.010340580616198526
4000,0.014964416440091426,0.010841023724149456
4000,0.0241036674740461,0.01841849973776091
4000,-0.014043542346464648,-0.02082054778126035
4000,0.01303344066992726,0.015813869505041833
4000,-0.016170840396099426,-0.0202483034228386
4000,0.01969824255573436,0.016851733487818682
4000,0.0151714508185001,0.014784172148747774
4000,0.02261969954012145,0.016372607147527852
4000,0.028075693641651897,0.01340146709078427
4000,-0.010195645801317172,-0.016836473644946642
4000,-0.009456246875946945,-0.013268097020132793
4000,0.01981873287240577,0.008638833234940942
4000,-0.014138601774356682,-0.016826313198052622
4000,0.020061314590366953,0.016476728275976352
4000,-0.010913620289629652,-0.017191462016638917
4000,-0.0059008666752102526,-0.019416770660937742
4000,0.017901642793876165,0.018039161770761605
4000,-0.012407394448572856,-0.025193339134935436
4000,-0.007414241259199542,-0.01578572758414818
4000,-0.014947259265292119,-0.022741858608611616
4000,-0.0160856314056154,-0.023839898199004218
4000,-0.011684497841854302,-0.009657619191092624
4000,0.03014301519893031,0.016966787980400088
4000,0.022860170779380254,0.012936193227083975
4000,0.02360652432626516,0.020730245590152026
4000,-0.02210395848582175,-0.013582950147745836
4000,-0.016741086179618732,-0.021823276883198718
4000,0.020315490994122973,0.01722562582494575
4000,-0.004467699467769221,-0.016341202496403376
4000,0.032122727402854434,0.03162503096196019
4000,0.016319619696817292,0.012111217861804259
4000,0.01644339839412025,0.014108727267040181
4000,-0.017955659291282917,-0.021355228028345705
4000,0.017963914853690092,0.01288837035572102
4000,0.012680264083773776,0.007791059919207289
4000,-0.014371760606064187,-0.015945933204498615
4000,-0.013254278927231284,-0.017655045331747686
4000,-0.019603327025829554,-0.02093121527280434
4000,0.01709417816541704,0.015421522175594666
4000,0.009007370891578523,0.004443911396210181
4000,0.022952096841764427,0.015594087615788533
4000,-0.005969351326186414,-0.016758081982042254
4000,-0.005419232268488886,-0.020296146911211028
4000,-0.01782719473123023,-0.027739792221676694
4000,-0.004470602713889514,-0.011569019759949017
4000,-0.00901299594013491,-0.023661320764161182
4000,0.016665627020078313,0.01481170446121253
4000,0.020728860639102845,0.01731791737284682
4000,0.010603963512259852,0.004856752013991316
4000,-0.012150773821711022,-0.013663100385389001
4000,0.014041717701272105,0.016435383919800844
4000,-0.021759145991132607,-0.02238303053693699
4000,0.03144319437001882,0.01409737388525881
4000,0.034110451589656955,0.023394520889765767
4000,0.02319908328265052,0.017796402149988472
4000,0.03481891033872137,0.02815720899223872
4000,-0.013889277313598753,-0.02338309702034477
4000,0.012720089551143083,0.007396298542873448
4000,0.02433938278891301,0.013618270337520689
4000,-0.014854797280569104,-0.02639137540398459
4000,0.010339017514991567,0.005435883533630776
4000,-0.016350493729682974,-0.019084148208795056
4000,-0.00999779708136793,-0.018036499418883134
6000,-0.02498521675331831,-0.0244371550937303
6000,-0.01159158703663468,-0.014147709959798678
6000,0.022699991247135818,0.015950814178594654
6000,0.0209278886853527,0.018691663280075675
6000,0.02226400618078022,0.02081111965639047
6000,-0.01745805468894838,-0.018486933188483608
6000,0.025522410111537754,0.021507301448591323
6000,0.016314725052517857,0.006061067928117846
6000,-0.004245678429093711,-0.006526218070867227
6000,-0.01288091770230758,-0.023263055908572625
6000,-0.015104650966509097,-0.01675795655087598
6000,0.026112047810837015,0.019897791875108758
6000,0.02239092454349713,0.016359716964227035
6000,0.01173793272830465,0.013273087754849954
6000,0.02053792466340394,0.011210419451539602
6000,0.027465155421538958,0.018509044553651197
6000,-0.008213892114558195,-0.019161479154714948
6000,-0.01211799654458444,-0.017868999426386156
6000,-0.005876408279644935,-0.012328660903551026
6000,0.022974148492372847,0.024063114700202247
6000,0.01595974874411807,0.010287842558354089
6000,0.0238857808070039,0.021103271313660493
6000,-0.012629000767490508,-0.01597592063429758
6000,0.027651091982495872,0.021870216549586697
6000,0.02030569461156944,0.008443002877218454
6000,-0.009189167872881088,-0.014070976629834515
6000,-0.00869688721835651,-0.015649862699180547
6000,-0.011359933613966307,-0.018335068609829128
6000,0.028529210196853987,0.017605614675814864
6000,0.012826105358434798,0.007119967116664666
6000,-0.01261339084871816,-0.022393670385913177
6000,0.011532350360920625,0.009073533275761136
6000,0.023839072131112384,0.01095876040364749
6000,-0.008948648861287935,-0.014719534482360668
6000,0.011807036338043865,0.004899606149087296
6000,0.02986421584026502,0.021031725977200606
6000,0.02577425304004368,0.01891357905309413
6000,-0.018031732346228065,-0.02616219298595078
6000,-0.015407641042776615,-0.015363942652468454
6000,-0.01209023276657518,-0.014647856033914029
6000,-0.009626031595377858,-0.015342160495164443
6000,0.02351949147176214,0.009169186663435235
6000,-0.012377035919429333,-0.016186929265563085
6000,-0.014309796909084283,-0.019874441251496837
6000,-0.006828353957229564,-0.01833391982326622
6000,-0.004529541752841918,-0.007649973198097238
6000,0.02272920598482239,0.02123031751902869
6000,0.028369270453546452,0.025674943929447844
6000,0.01506436914893236,0.011805314047597234
6000,0.021786175952099918,0.02264119405973916
6000,-0.015893757079152582,-0.02004103830543038
6000,-0.006925539065040429,-0.017136140500259227
6000,0.008277269334364375,0.00825281017931417
6000,-0.015904397787802574,-0.018458987348713825
6000,-0.010823401449542965,-0.011646575076437805
6000,-0.01655053837168429,-0.018659471076967683
6000,-0.01281770550886082,-0.01477164211930831
6000,-0.00679965671532576,-0.018584960285812007
6000,-0.014276374525783307,-0.01657314710430837
6000,-0.014343085718644984,-0.02628843021215177
6000,-0.008240279245742686,-0.019235217066291718
6000,0.01894497940563629,0.010609910931674654
6000,0.02956103345886673,0.02293728263044627
6000,-0.015045073861250277,-0.02187899734987655
6000,0.01990908816153233,0.025167044171230727
6000,0.018289941125680467,0.01908922257518674
6000,0.030834179340509197,0.026380601190630168
6000,0.02821282734152363,0.012367763104109416
6000,-0.022637640999956424,-0.02297841432869056
6000,0.015552891554925076,0.011736001895185165
6000,0.02806216258530853,0.017664714380199648
6000,-0.013721699784381624,-0.012841514700336192
6000,0.021464013812319282,0.017347762086024992
6000,0.02562837737428457,0.019450504454339775
6000,-0.008975481251196652,-0.015639105069959695
6000,0.017103549320860632,0.008214355297236684
6000,-0.011534556250663117,-0.016948701450204055
6000,-0.015517491078481487,-0.018149510205171825
6000,-0.016406204145913324,-0.020888415972802842
6000,-0.011987703765043796,-0.020223309165099904
6000,0.027495276058683956,0.010380636416619935
6000,-0.015257593304593286,-0.0282491473949378
6000,-0.02323591922138102,-0.029176334791452093
6000,0.01187612688944388,0.006486807195658264
6000,0.019356360801830966,0.010401182044982218
6000,0.023508805257044494,0.010126965503588322
6000,-0.00665682952047925,-0.017753004024019456
6000,-0.006820688670802747,-0.008802839554988468
6000,-0.005059655472944661,-0.013264278571681857
6000,-0.01698975008616742,-0.03672781990532619
6000,0.017564515313622076,0.017521772239051547
6000,0.028189010867472553,0.017331900091774873
6000,0.020961999254894382,0.012419328807484406
6000,0.028217132677272407,0.019855943051354328
6000,0.019792596104825762,0.017140175218044902
6000,-0.006223543161853049,-0.025105776653921566
6000,-0.009626585926272288,-0.019390030052781268
6000,-0.004405865359965285,-0.026409933206486182
6000,0.017537589425056628,0.004966971495642399
6000,0.021727815709530893,0.020526325023070408
8000,0.032271228525351456,0.025290726760807593
8000,-0.013081514865347013,-0.021800993655698014
8000,-0.014360532719369202,-0.017009295338852193
8000,-9.862437584735532e-4,-0.019645408784592873
8000,0.023159810030423725,0.013962740155451642
8000,-0.007403092359567238,-0.020086026177519565
8000,0.023887356409131574,0.012444983504825011
8000,-0.011684765444307386,-0.014638987413522226
8000,0.02395821853250099,0.007469543840361099
8000,0.022795867107609412,0.01744751857290026
8000,0.02805371358473999,0.024553073549177993
8000,-0.009886857030102178,-0.014061314202554227
8000,-0.013590981971973648,-0.01931759853387984
8000,-0.01292852984770877,-0.021366860022536578
8000,-0.008979470713045177,-0.018218167952182035
8000,0.01733323125689022,0.015957733151715236
8000,-0.010369560836825348,-0.024290084259839355
8000,-0.011038764503516551,-0.018652446838927618
8000,0.01382702782319127,0.004237618894036152
8000,-0.01805228760531822,-0.0210731467153026
8000,-0.005541313286420375,-0.022465137300484307
8000,-0.018104921280103128,-0.01993707560693221
8000,-0.014294108292529096,-0.013504781285190694
8000,0.02475443078073934,0.021110666712591483
8000,-0.013321900819909806,-0.019906771325773683
8000,-0.011074724285728161,-0.016247262659573235
8000,-0.00985637933703848,-0.02572371881150543
8000,-0.010072300506688538,-0.014281690879418598
8000,0.01613392290548204,0.009918541582526459
8000,-0.010682016575608001,-0.027249403110567796
8000,-0.019394121186429126,-0.021270217390851755
8000,-0.01877629047077188,-0.028469645162026744
8000,-0.008022757810057677,-0.015597547665844378
8000,0.017769608754911882,0.01689637882620969
8000,0.019803913940831776,0.011383542914813572
8000,-0.021604592718707107,-0.01785307619724068
8000,-0.007096364235049174,-0.021874547181755487
8000,0.023051872206559118,0.012311679252966747
8000,0.02374650235205181,0.01542363933227453
8000,-0.011681495209234987,-0.025972634163555317
8000,-0.01152400473977933,-0.01595188813680791
8000,-0.013296534057208983,-0.02514735214839263
8000,-0.009877700850367883,-0.017089259934664102
8000,0.021548615898665302,0.01753627180126074
8000,-0.012122674123385507,-0.02322304049715187
8000,0.02317254508061399,0.010632115167984216
8000,0.018762159882207155,0.016373295041477373
8000,0.023373895536616753,0.012952096054893513
8000,0.025045332001454382,0.009017943960673028
8000,0.02446527579751294,0.01983596385665531
8000,-0.013142802235841335,-0.010420899474652611
8000,-0.006079361924967877,-0.010915267978137867
8000,-0.005666724806636735,-0.011802255964684354
8000,-0.01457107160538384,-0.021506661391558782
8000,-0.015519372604018556,-0.028371454480765872
8000,0.018557160439224604,0.008719385682154083
8000,0.029497455533386927,0.028934540112803074
8000,-0.006363267980753152,-0.02032249183289782
8000,0.027411133547611016,0.020910189957515132
8000,-0.00978515372328425,-0.03145883043393921
8000,-0.015444224344524728,-0.020842900664743758
8000,0.01830235149320644,0.007341280614218324
8000,0.021271909385095083,0.020384964189147196
8000,-0.012752314954313233,-0.023733589958916817
8000,-0.006986187305585889,-0.016278411109787786
8000,0.019576817388923636,0.01182554594494545
8000,-0.009467589304640308,-0.023030593388954076
8000,-0.004953760495826941,-0.01697973149876049
8000,0.02616370387294525,0.020063063873017775
8000,-0.010796583772489272,-0.020420267185588377
8000,-0.005076100665342093,-0.012920127083480318
8000,0.018886378166114173,0.008831842840123281
8000,0.024084374042929728,0.020469011979883624
8000,-0.018966274096031122,-0.0271331499671119
8000,0.022782393293503737,0.010061461083938409
8000,-0.006200293101182752,-0.022502917727519105
8000,0.02573107657763124,0.015587450310139698
8000,-0.015249573748037263,-0.016993660490673156
8000,-0.01562956234891336,-0.01885256042827016
8000,-0.015405937279282307,-0.021053421281258578
8000,0.017997131316422818,0.013300861941781022
8000,0.02249072463558332,0.017823985965966103
8000,0.025673701254678178,0.016170958461381932
8000,-0.010680199125901057,-0.02093870929933949
8000,-0.008106057005650981,-0.02539568809360127
8000,-0.007708945205878244,-0.019693318362544777
8000,-0.0030303537851141906,-0.015893821911919855
8000,0.02196742604363371,0.010705015840341442
8000,0.021532083727747148,0.01202505797554578
8000,0.021550772753562833,0.014175933834213355
8000,-0.01939934789161284,-0.022294419022134283
8000,-0.009152138836292938,-0.015857822269083863
8000,-0.00822359509718509,-0.015111414878630648
8000,-0.015429230886875511,-0.025680812424993902
8000,-0.020081022519565294,-0.028923751535791378
8000,-0.007858166720835997,-0.017359752185020186
8000,0.022592880442034113,0.01615641528533543
8000,0.02492340866213276,0.014752942192132731
8000,-0.008656170299252613,-0.01548801356460841
8000,-0.008182484558354228,-0.01954483000949902
10000,0.015972419581027193,0.010552845576240295
10000,0.022397456866536353,0.015545696303491464
10000,-0.014421976324960999,-0.02775105878147079
10000,0.026570225686603628,0.013955240378833701
10000,-0.006051310661530069,-0.008242235033376042
10000,-0.010565490133366214,-0.022849964993933113
10000,0.01913559929246942,0.005805735341213571
10000,0.02183306535293633,0.013298492201774726
10000,-0.007524398306659716,-0.02009762959910252
10000,0.028336684412389956,0.023989251522430224
10000,0.023111784783284507,0.01233855480908545
10000,0.02188063739906491,0.012368084939406266
10000,0.026012705447300964,0.009228626340940939
10000,0.018230387695631897,0.016911812542233128
10000,-0.0062572933653869,-0.01689302913552639
10000,0.021072752883815316,0.01809328243307774
10000,-0.011309547520444047,-0.014059412006467382
10000,-0.0152980416642955,-0.023836499060296487
10000,-0.011108949211279907,-0.015410896904464405
10000,-0.013072079371287286,-0.025006001729545094
10000,-0.012485867523927227,-0.012867779983149141
10000,-0.011990256970094556,-0.01511921673419538
10000,-0.006708613756924393,-0.017695074607397488
10000,0.018791055705982627,0.011694202698016751
10000,-0.013943250158571655,-0.022579685445917506
10000,0.02825439009970957,0.018892237025992572
10000,0.02592564493504401,0.019773275995231945
10000,0.03163652092883577,0.019944963213755194
10000,0.025601264409633607,0.020552175791300666
10000,-0.008492186506776273,-0.021293175176129928
10000,-0.010452428353473058,-0.02638479831986393
10000,-0.010025089862202574,-0.016960522730779592
10000,-0.006299374185330501,-0.016944598271155496
10000,-0.010177449002458703,-0.014650931537028289
10000,0.02429095919199375,0.011919662431248892
10000,0.019106783467662758,0.014745603402141847
10000,-0.016520232734824055,-0.024450607270506963
10000,-0.008200624408053336,-0.015375729449170445
10000,-0.017286633912418622,-0.025651117692433913
10000,0.014003273445097497,0.013860498125080535
10000,-0.009014385257482103,-0.01582414486871173
10000,0.02054086730893228,0.022875495705857493
10000,0.016083353459449178,0.006324108567791467
10000,0.03041671173531399,0.022583344508491348
10000,0.02328195857179894,0.015732746581935367
10000,0.023325976519456233,0.016856520723011182
10000,-0.009067359044394341,-0.02047094093756387
10000,-0.007921510706090627,-0.013856564513861249
10000,0.020404837016724766,0.011012816999720357
10000,-0.007970172423781176,-0.02041343916453069
10000,-0.01750494470591636,-0.02293118517031926
10000,0.017627832497342448,0.008666513955034308
10000,-0.011417983427342383,-0.01868834095541496
10000,-0.009227963165263506,-0.019737731042208304
10000,0.011153665712000747,0.01196242912822311
10000,0.025882134309982624,0.017115649289825674
10000,-0.015234009073045939,-0.02748760667780979
10000,-0.01594432827819775,-0.0288755358213154
10000,-0.019015480902764663,-0.026622681086766277
10000,-0.012862801461708956,-0.01936714543364583
10000,-0.017240446524828985,-0.02082806184425781
10000,-0.01053500942405848,-0.019947734213926267
10000,-0.008511824275107304,-0.01652483030720435
10000,0.028768378258991714,0.015673171654791377
10000,-0.016357942038434374,-0.023400651926649366
10000,0.014720703514654002,0.010924704724171607
10000,-0.006033391311793148,-0.015310230497703563
10000,-0.012952817178461985,-0.028981577227597248
10000,-0.013602294932792464,-0.02044366719559315
10000,-0.0025334095628314693,-0.014781918539313784
10000,-0.014766039100019985,-0.020461199358433293
10000,-0.006390141605672745,-0.013362376852966923
10000,-0.015838575978426857,-0.020245321195580313
10000,-0.01177602026168238,-0.014685879975983545
10000,-0.00979469801100325,-0.018251588124959233
10000,-0.0063562713052664685,-0.015189590851234254
10000,0.023361142933213855,0.01584198822725712
10000,0.022891788435620994,0.01738219724371168
10000,0.027973874164911733,0.01859694787411043
10000,-0.009785709762582003,-0.018764315512734137
10000,-0.01147265233077128,-0.024312924223397984
10000,-0.012250067404731689,-0.023950757108875724
10000,0.026673977865497342,0.013653584092780226
10000,0.013926365141478754,0.016598673442221507
10000,-0.008979433434924843,-0.02597821780974714
10000,-0.008308925493383667,-0.014263642217881865
10000,-0.015727965733352976,-0.01802702436784091
10000,-0.015624645800944059,-0.026174600564955162
10000,-0.00480871750512883,-0.012987307532220507
10000,0.030387358778891593,0.017561897501465855
10000,0.023893925235748736,0.017885091180014884
10000,0.026334038264243412,0.015620609568871386
10000,0.02389249036528204,0.021048078087709483
10000,-0.008259036195325985,-0.019245757064091252
10000,0.017241550639197765,0.010017227661082904
10000,-0.013091921594465266,-0.013320230619596737
10000,0.012358370807395762,0.014121562755301168
10000,-0.010981463784885277,-0.021751436764241985
10000,0.020691777483355666,0.015230750499683211
10000,0.025110795635099003,0.019356665072925498
20000,0.02971752566122611,0.012885315124358875
20000,0.0238970035729911,0.016685034434691506
20000,-0.013632878555691685,-0.024262652109539307
20000,-0.012013939203410104,-0.019687944417248044
20000,0.026343928909168073,0.01594009193894726
20000,0.027705751529726565,0.01284661817070808
20000,-0.004703323781246856,-0.017888243793970107
20000,-0.011726297506694452,-0.014474259124062049
20000,-0.007413345803148085,-0.017913883243555136
20000,-0.012666118542285386,-0.0161452389993764
20000,-0.005887864913996321,-0.025349144950724368
20000,0.018951355003566185,0.00914678879573171
20000,0.023794621031194046,0.011544010994737562
20000,-0.0101425540040623,-0.02031060840596663
20000,0.019795607126126265,0.008292298094210875
20000,-0.01451429166592143,-0.017325779848988206
20000,-0.00960572901049611,-0.0206275992390143
20000,0.01994064103522745,0.01508268891332071
20000,-0.012456907072631262,-0.02044609616390227
20000,0.01977719544895388,0.022015313017138112
20000,-0.012759186297811994,-0.0173476067865985
20000,-0.012589095872025528,-0.028702752505555942
20000,-0.015816623067594363,-0.01964576445628171
20000,-0.008282166108558059,-0.01757290752614372
20000,-0.015142874526977825,-0.021720445561926396
20000,-0.01018925337576022,-0.021494394954337866
20000,-0.021867259211066192,-0.02337492792534374
20000,-0.011801287951480352,-0.023769950279095453
20000,0.030371855061443007,0.013239201480509203
20000,-0.010855476138145569,-0.025150370866441386
20000,-0.012879544567935048,-0.024512566633123706
20000,0.031499366137020625,0.028166938185980688
20000,0.0223448523206161,0.008449142830460847
20000,-0.01538635469629214,-0.01808514194402815
20000,0.02581952088206239,0.02120250300910483
20000,-0.005270012032611824,-0.015491982947580803
20000,0.025030077774090907,0.014016216228008471
20000,-0.022422087157872313,-0.02142987461165284
20000,0.021514089327479845,0.023685278816719148
20000,-0.002224148476931677,-0.013624925674731603
20000,-0.00772589635767873,-0.01958974126872315
20000,-0.010351038768080446,-0.02470665780242638
20000,0.013432757091781352,0.015429942542911697
20000,0.020622572879431172,0.013490755585472483
20000,-0.011096305117970977,-0.025746822726007354
20000,0.026895230714659636,0.014345386390178952
20000,-0.009203743012049438,-0.014773622563405097
20000,0.021974084121281875,0.008191396995700902
20000,-0.008217415649888395,-0.0160617437371801
20000,0.02058374309989533,0.008553719980378547
20000,-0.01613464913145015,-0.025045554142070256
20000,-0.01772512391887295,-0.018657301451023744
20000,-0.024460320326054316,-0.030479668633155967
20000,0.03140580096958109,0.02079364340303297
20000,-0.020302678572012837,-0.01967319911673464
20000,-0.01812341991558278,-0.015111660036670409
20000,0.026083149742702635,0.009953337262810525
20000,0.01635572336233017,0.0141029146823791
20000,-0.009589535285105007,-0.0177289115344996
20000,-0.010368275378540355,-0.019890216426642845
20000,-0.007375471074034856,-0.019053426903630776
20000,0.018988927675206966,0.010368119751947439
20000,-0.014886947923664072,-0.022480432682302414
20000,-0.013554777890238102,-0.019835682331550957
20000,0.027113757496824317,0.018962911597923245
20000,0.023011818374596222,0.009765225838595317
20000,-0.01727177797954842,-0.022643326588486012
20000,-0.0061535582921464615,-0.016257044711283787
20000,-0.018876755305293362,-0.024966232694432735
20000,0.022537297200845956,0.012903450833721639
20000,0.020600704303299463,0.011598975737852436
20000,-0.014897941520362043,-0.02360424705036189
20000,0.02349269002800241,0.010901571249208927
20000,-0.005429462001788309,-0.013246573763685387
20000,-0.012546545871704675,-0.016988579087830115
20000,0.014325496600974888,0.010204725099572553
20000,0.02588009217712486,0.017262068801815317
20000,-0.010858291414602754,-0.020495831227477574
20000,-0.00991981938676237,-0.024447663291473767
20000,-0.016098391723058984,-0.019393143717386978
20000,0.028786397047834533,0.015611131124665003
20000,-0.013286303216424279,-0.024583332353280342
20000,0.022463889462290807,0.011312580706393545
20000,-0.017291322254161544,-0.02398821508893931
20000,-0.005690598602864876,-0.01686160310122409
20000,-0.019057651748272522,-0.02231420138477656
20000,-0.01406747524505013,-0.029040215659991743
20000,-0.00938122327414576,-0.017549605389892562
20000,-0.012547117417553651,-0.02414822056681695
20000,-0.007746643866358379,-0.0146893000769657
20000,-0.010418932112592316,-0.015446964088995287
20000,-0.009803267925578348,-0.023628698190430862
20000,-0.011438686703472417,-0.015858942858584423
20000,-0.01302876082168225,-0.023687898887792703
20000,0.020331455704938422,0.009816726126958282
20000,-0.012588760422959533,-0.012829889821090129
20000,-0.010494510958660545,-0.0201686684627
20000,-0.008632185852844908,-0.016622265516659705
20000,-0.01206405355967309,-0.013898930230553825
20000,-0.017892037244283603,-0.024723109255513007
30000,-0.01197159748119845,-0.01816368365414563
30000,-0.011265825102913738,-0.012614957847481829
30000,0.03201164423226063,0.021121144860258536
30000,-0.01646405609116711,-0.02385479293135364
30000,0.01096929286848035,0.007327320583549212
30000,-0.012324089484528174,-0.017206605332012303
30000,-0.015556557101163633,-0.023082515541472153
30000,0.021599321897239766,0.015701817318708268
30000,-0.005825826555888799,-0.016888978681987438
30000,-0.013286364412720268,-0.0233676936647856
30000,-0.007918164274897365,-0.018938674055262932
30000,0.02172829626442861,0.014601339678891188
30000,0.02120975357602804,0.012431109324512406
30000,-0.008683626344675687,-0.014430730210137237
30000,-0.016885374572637536,-0.025053053634847552
30000,-0.010663435336414583,-0.01866745780684282
30000,0.023181355523018067,0.020381007723409877
30000,-0.01609760920446078,-0.0264827316373137
30000,-0.008560083075516048,-0.020209568481661645
30000,0.023732604547041066,0.022484870612519754
30000,0.030230485246492255,0.02199291411649469
30000,-0.012254093503120974,-0.02048512280723025
30000,-0.00699361989465287,-0.02105607573082235
30000,-0.01603733759813437,-0.019251439997985956
30000,-0.015367152200069739,-0.018880020163668864
30000,-0.01162091756857292,-0.01202891903695599
30000,-0.02016593274975847,-0.02309994601887976
30000,0.019919109606744517,0.015505254114435518
30000,-0.019587770232542073,-0.02071395251101152
30000,0.021315460617016113,0.016968641560498997
30000,-0.01219992687180415,-0.017994119918270855
30000,0.019405801258530628,0.01623999394472253
30000,-0.014240004782003511,-0.02423501290029931
30000,-0.00574602302943583,-0.023854998565382892
30000,-0.010121988636815507,-0.023700878149572596
30000,-0.010525215644663249,-0.022688233063285785
30000,0.012287167418533983,0.01327801592015989
30000,-0.0097166052256249,-0.019197927328276878
30000,-0.00510446046170542,-0.015907887294449138
30000,0.03230842624087039,0.02724250446988652
30000,-0.01723796561437528,-0.019347202299219744
30000,-0.015903390993290602,-0.026801624885037626
30000,-0.004944672210723202,-0.006868711391491774
30000,0.021860310471646285,0.017153969295683635
30000,-0.00963933325973874,-0.017722395501406727
30000,0.0290518869999996,0.017142250931997883
30000,0.031208265679325747,0.013710966777784127
30000,-0.008670919575178165,-0.024521150684201878
30000,-0.011162126919260029,-0.02245258416072139
30000,0.024122321285084486,0.01324901556336732
30000,-0.008230368810447804,-0.021741897695573876
30000,-0.014713435214288858,-0.023372308092520642
30000,0.02636938065240395,0.013538278584948268
30000,-0.007357188394689431,-0.018128447013990367
30000,-0.01446309500146058,-0.022766773365227262
30000,0.021158407328194444,0.019581098884971452
30000,-0.0086697243356677,-0.017191337983690026
30000,0.017828950454410776,0.010898748835939035
30000,-0.014210485996654797,-0.023741574861911006
30000,-0.016950112329899073,-0.02026804289124367
30000,-0.01204065404182743,-0.017138175267260126
30000,-0.013649686437156116,-0.02601668836335185
30000,-0.0020758867968097778,-0.015040102199574855
30000,-0.009187487727147328,-0.017876499067214675
30000,-0.004468787137566538,-0.004679803816983205
30000,0.025431062449109892,0.016382849502891025
30000,-0.01434229788386907,-0.021423392173275466
30000,0.03042997318260315,0.022738315776046066
30000,0.01573354320742773,0.009363350813347838
30000,-0.005731956441179682,-0.011230563525861438
30000,-0.010046000407964403,-0.023287960514831965
30000,-0.015658113132018422,-0.01615477299471499
30000,-0.009736020977756346,-0.018145542679403808
30000,0.023181330252334695,0.018892392174395728
30000,-0.010819789805473077,-0.014919631713187255
30000,0.018407595532327226,0.01728872196622941
30000,0.02065236413251727,0.014247872752878078
30000,0.02963633626594227,0.02692726920089334
30000,-0.011268294422591201,-0.02924749108979424
30000,0.021146847073463294,0.014743165832056575
30000,0.018213160542919712,0.008052317101986005
30000,-0.014993120600112913,-0.018772819266403725
30000,-0.012613682203894156,-0.01799932668160685
30000,-0.014657437699731952,-0.022648608586674654
30000,0.02523079553084804,0.020193516105583863
30000,0.016011316427231765,0.009932268585183571
30000,0.01911489099874128,0.013065539816587191
30000,-0.0066599164552254425,-0.018388237830672748
30000,-0.0041894614203293054,-0.01795336613166068
30000,-0.010940591123939879,-0.007681873878172915
30000,-0.009542168596581439,-0.01772190908707094
30000,-0.014727418168513163,-0.02706232825163797
30000,-4.100348532788182e-5,-0.010418075236471473
30000,0.02168670200698251,0.013863525328015033
30000,-0.012298202598060482,-0.01887303287588238
30000,-0.013140905964308664,-0.01682015995117257
30000,0.022170351662988936,0.014535746794968283
30000,0.026320505199966277,0.008699433865148204
30000,-0.009338283299066413,-0.0176619317304758
30000,0.015509143176316952,0.0028045583920344275
